https://www.moma.org/collection/works/49276,"48.851350655994004, 2.333225028860881","https://www.google.com/maps/place/48°51'04.9%22N+2°19'59.6%22E/@48.8513507,2.3306501,17z/data=!3m1!4b1!4m4!3m3!8m2!3d48.8513507!4d2.333225?entry=ttu"
https://www.moma.org/collection/works/57850,"41.88895085837717, 12.481324221898328","https://www.google.com/maps/place/Temple+of+Hercules+Victor/@41.8870852,12.4829786,248a,35y,303.43h,44.92t/data=!3m1!1e3!4m6!3m5!1s0x132f604a7f37e1c7:0x7a6122833563fa10!8m2!3d41.8887637!4d12.4807554!16zL20vMDc1Y2g1?entry=ttu"
https://www.moma.org/collection/works/54811,"31.198806566219808, 29.893327795093718","https://www.google.com/maps/place/31°11'55.7%22N+29°53'36.0%22E/@31.1988066,29.8933278,770m/data=!3m1!1e3!4m4!3m3!8m2!3d31.1988066!4d29.8933278?entry=ttu"
https://www.moma.org/collection/works/54825,"31.182045343445335, 29.89673912986325","https://www.google.com/maps/place/31°10'55.4%22N+29°53'48.3%22E/@31.1820453,29.8967391,17z/data=!3m1!4b1!4m4!3m3!8m2!3d31.1820453!4d29.8967391?entry=ttu"
https://www.moma.org/collection/works/54838,"21.691890224523586, 31.29070935713978","https://www.google.com/maps/search/nubia+sudan+waterwheel/@21.5712284,30.819198,141168m/data=!3m1!1e3?entry=ttu"
https://www.moma.org/collection/works/57847,"55.95497461552964, -3.182991460036102","https://www.google.com/maps/place/Dugald+Stewart+Monument/@55.9549604,-3.1822482,150a,35y,236.63h,45t/data=!3m1!1e3!4m6!3m5!1s0x4887c789365f252d:0xdaa07654a220018b!8m2!3d55.9544941!4d-3.1844506!16zL20vMGRmazU1?entry=ttu"
https://www.moma.org/collection/works/45554,"9.919282988437628, 78.11907984007348","https://www.google.com/maps/place/Meenakshi+Amman+Temple/@9.9187115,78.1193724,884m/data=!3m1!1e3!4m6!3m5!1s0x3b00c58461e46987:0xf134621ce5286703!8m2!3d9.9195045!4d78.1193418!16s%2Fm%2F026g1j2?entry=ttu"
https://www.moma.org/collection/works/47393,"59.3254763832158, 18.06362626171251","https://www.google.com/maps/place/59°19'31.7%22N+18°03'49.1%22E/@59.3253401,18.0635428,17z/data=!4m11!1m6!3m5!2zNTnCsDE5JzMxLjciTiAxOMKwMDMnNDkuMSJF!8m2!3d59.3254764!4d18.0636263!10e5!3m3!8m2!3d59.3254764!4d18.0636263?entry=ttu"
https://www.moma.org/collection/works/51338,"37.96910606962951, 23.732497925215448","https://www.google.com/maps/place/Temple+of+Olympian+Zeus/@37.969225,23.7318058,709m/data=!3m1!1e3!4m12!1m5!3m4!2zMzfCsDU4JzA4LjgiTiAyM8KwNDMnNTcuMCJF!8m2!3d37.9691061!4d23.7324979!3m5!1s0x14a1bd169b9c6429:0x5519bb221fe94255!8m2!3d37.9693!4d23.7331!16zL20vMDVrZzg?entry=ttu"
https://www.moma.org/collection/works/44835,"-11.889632308878712, -76.48823229136183","https://www.google.com/maps/place/Puente+Carrión/@-11.8887177,-76.4870768,856a,35y,167.07h/data=!3m1!1e3!4m6!3m5!1s0x9105f95e281281c9:0xd98db740f2364950!8m2!3d-11.8895298!4d-76.4882672!16s%2Fg%2F11r9q30t1t?entry=ttu"
https://www.moma.org/collection/works/298545,"39.36623628451196, -74.42600927065651","https://www.google.com/maps/place/39°21'58.5%22N+74°25'33.6%22W/@39.3673069,-74.4264422,127a,35y,162.72h,45t/data=!3m1!1e3!4m4!3m3!8m2!3d39.3662363!4d-74.4260093?entry=ttu"
https://www.moma.org/collection/works/400217,"44.89468359083679, -110.38462385311021","https://www.google.com/maps/search/Grand+Canyon+of+Yellowstone+river/@44.8990204,-110.4304563,10088m/data=!3m1!1e3?entry=ttu"
https://www.moma.org/collection/works/400219,"41.881993141632584, -87.63185607551002","https://www.google.com/maps/place/41°52'55.2%22N+87°37'54.7%22W/@41.8819931,-87.6318561,17z/data=!3m1!4b1!4m4!3m3!8m2!3d41.8819931!4d-87.6318561?entry=ttu"
https://www.moma.org/collection/works/400220,"41.97508424835115, -87.72942073429664","https://www.google.com/maps/place/North+Park,+Chicago,+IL/@41.9762394,-87.7363084,264m/data=!3m1!1e3!4m6!3m5!1s0x880fce7068f6c281:0x6ffce8a274ec7076!8m2!3d41.9828479!4d-87.7284429!16s%2Fg%2F1q67rgj74?entry=ttu"
https://www.moma.org/collection/works/400222,"44.343361322029196, -110.06876422845869","https://www.google.com/maps/place/Mount+Schutz/@44.338568,-110.0669723,14.98z/data=!4m13!1m6!3m5!2zNDTCsDIwJzM2LjEiTiAxMTDCsDA0JzA3LjYiVw!8m2!3d44.3433613!4d-110.0687642!10e5!3m5!1s0x534de36146be514d:0x5437330e65c181a8!8m2!3d44.3419444!4d-110.0716666!16s%2Fg%2F1thl0j3w?entry=ttu"
https://www.moma.org/collection/works/400223,"44.934813351734576, -110.72291089209295","https://www.google.com/maps/@44.9353152,-110.7231102,3a,60y,243.02h,90t/data=!3m6!1e1!3m4!1s0GR7uqvfY-nA9boewjTVVQ!2e0!7i13312!8i6656?entry=ttu"
https://www.moma.org/collection/works/400227,"41.11575601615458, -112.51874668980129","https://www.google.com/maps/@41.1788447,-112.596999,49020m/data=!3m1!1e3?entry=ttu"
https://www.moma.org/collection/works/400228,"40.77109741138491, -111.89071296083303","https://www.google.com/maps/place/Salt+Lake+Utah+Temple/@40.7709786,-111.8922027,236m/data=!3m1!1e3!4m12!1m5!3m4!2zNDDCsDQ2JzE2LjAiTiAxMTHCsDUzJzI2LjYiVw!8m2!3d40.7710974!4d-111.890713!3m5!1s0x8752f508e4890ee9:0x7f871e221aa7395d!8m2!3d40.7705774!4d-111.8919146!16zL20vMDM0em40?entry=ttu"
https://www.moma.org/collection/works/400229,"39.742927231147746, -105.51477750005218","https://www.google.com/maps/@39.7404578,-105.516203,3a,75y,179.41h,90t/data=!3m8!1e1!3m6!1sAF1QipPoK8zEzK0ZyWopVc0rJDncjTlCKYh3cQI1ZmMi!2e10!3e11!6shttps:%2F%2Flh5.googleusercontent.com%2Fp%2FAF1QipPoK8zEzK0ZyWopVc0rJDncjTlCKYh3cQI1ZmMi%3Dw203-h100-k-no-pi-0-ya353.5434-ro0-fo100!7i7680!8i3840?entry=ttu"
https://www.moma.org/collection/works/124769,"52.708001652364054, -2.7527973503280423","https://www.google.com/maps/place/52°42'28.8%22N+2°45'10.1%22W/@52.7083366,-2.752541,18.3z/data=!4m11!1m6!3m5!2zNTLCsDQyJzI4LjgiTiAywrA0NScxMC4xIlc!8m2!3d52.7080017!4d-2.7527974!10e5!3m3!8m2!3d52.7080017!4d-2.7527974?entry=ttu"
https://www.moma.org/collection/works/125021,"40.419910532397395, 15.006473286711138","https://www.google.com/maps/place/40°25'11.7%22N+15°00'23.3%22E/@40.4199105,15.0064733,17z/data=!3m1!4b1!4m4!3m3!8m2!3d40.4199105!4d15.0064733?entry=ttu"
https://www.moma.org/collection/works/46310,"40.85214308710397, 14.260868487734557","https://www.google.com/maps/place/40°51'07.7%22N+14°15'39.1%22E/@40.8521389,14.2582862,680m/data=!3m2!1e3!4b1!4m4!3m3!8m2!3d40.8521389!4d14.2608611?entry=ttu"
https://www.moma.org/collection/works/124760,"41.82480949613774, -71.40918394770594","https://www.google.com/maps/place/The+Arcade+Providence/@41.8241699,-71.410686,15z/data=!3m1!5s0x89e44514222cf7a3:0xef84708a8e9f1508!4m14!1m7!3m6!1s0x89e445142198f60f:0xac3f2b5e6651f5ea!2sThe+Arcade+Providence!8m2!3d41.8241699!4d-71.410686!16zL20vMGcxc3Rr!3m5!1s0x89e445142198f60f:0xac3f2b5e6651f5ea!8m2!3d41.8241699!4d-71.410686!16zL20vMGcxc3Rr?entry=ttu"
https://www.moma.org/collection/works/124999,"40.06939094142866, -105.61458791675068","https://www.google.com/maps/@40.06902,-105.6162267,3a,75y,241.46h,95.98t/data=!3m8!1e1!3m6!1sAF1QipMKsBX7Ns1WWLRjt6pHg3aV0j_647ZoFUxF88oL!2e10!3e11!6shttps:%2F%2Flh5.googleusercontent.com%2Fp%2FAF1QipMKsBX7Ns1WWLRjt6pHg3aV0j_647ZoFUxF88oL%3Dw203-h100-k-no-pi-0-ya84.39318-ro-0-fo100!7i11988!8i5994?entry=ttu"
https://www.moma.org/collection/works/54890,"49.440354213924934, 1.0949767938473727","https://www.google.com/maps/@49.4406398,1.0938199,3a,75y,130.44h,117.59t/data=!3m6!1e1!3m4!1s5ta9xySb4gyRJcFpuYpkTA!2e0!7i13312!8i6656?entry=ttu"
https://www.moma.org/collection/works/86468,"54.93857445344881, 43.34853430229154","https://www.google.com/maps/place/54°56'18.9%22N+43°20'54.7%22E/@54.9385745,43.3485343,517m/data=!3m1!1e3!4m4!3m3!8m2!3d54.9385745!4d43.3485343?entry=ttu"
https://www.moma.org/collection/works/124766,"52.18919947342216, -2.2198910997366075","https://www.google.com/maps/place/52°11'21.1%22N+2°13'11.6%22W/@52.1896571,-2.2182031,127a,35y,243.22h,45t/data=!3m1!1e3!4m4!3m3!8m2!3d52.1891995!4d-2.2198911?entry=ttu"
https://www.moma.org/collection/works/124767,"52.189080738926876, -2.2236043845740294","https://www.google.com/maps/place/52°11'20.7%22N+2°13'25.0%22W/@52.1890807,-2.2236044,551m/data=!3m1!1e3!4m4!3m3!8m2!3d52.1890807!4d-2.2236044?entry=ttu"
https://www.moma.org/collection/works/124854,"51.752523467511224, -1.2538621682740625","https://www.google.com/maps/place/51°45'09.1%22N+1°15'13.9%22W/@51.7517219,-1.2525434,127a,35y,314.85h,45t/data=!3m1!1e3!4m5!3m4!4b1!8m2!3d51.7525235!4d-1.2538622?entry=ttu"
https://www.moma.org/collection/works/125028,"44.40766673643361, 8.933525531317672","https://www.google.com/maps/place/Doge's+Palace/@44.4075246,8.9328796,126m/data=!3m1!1e3!4m12!1m5!3m4!2zNDTCsDI0JzI3LjYiTiA4wrA1NicwMC43IkU!8m2!3d44.4076667!4d8.9335255!3m5!1s0x12d343dd7fd645db:0xaa22692f44c315c1!8m2!3d44.4075158!4d8.9332508!16s%2Fm%2F04zxf64?entry=ttu"
https://www.moma.org/collection/works/125029,"45.25329556468555, 9.128590945770801","https://www.google.com/maps/@45.2563896,9.148056,3a,75y,249.37h,96.18t/data=!3m8!1e1!3m6!1sAF1QipPPjQ_vdxgTmf5YUF40t7p2dYCrr4AK-jp7kjk3!2e10!3e11!6shttps:%2F%2Flh5.googleusercontent.com%2Fp%2FAF1QipPPjQ_vdxgTmf5YUF40t7p2dYCrr4AK-jp7kjk3%3Dw203-h100-k-no-pi-0-ya99.985054-ro-0-fo100!7i5472!8i2736?entry=ttu"
https://www.moma.org/collection/works/45986,"48.8724588022816, 2.2992195611477877","https://www.google.com/maps/place/48°52'20.9%22N+2°17'57.2%22E/@48.8671162,2.2992196,714a,35y,39.25t/data=!3m1!1e3!4m4!3m3!8m2!3d48.8724588!4d2.2992196?entry=ttu"
https://www.moma.org/collection/works/46011,"48.86560751181969, 2.321073382837031","https://www.google.com/maps/@48.8656428,2.3206989,3a,75y,73.5h,103.32t/data=!3m8!1e1!3m6!1sAF1QipO7jvEfdyOOKX5D2ozmdmtlbrd84hXiMQtIfktA!2e10!3e11!6shttps:%2F%2Flh5.googleusercontent.com%2Fp%2FAF1QipO7jvEfdyOOKX5D2ozmdmtlbrd84hXiMQtIfktA%3Dw203-h100-k-no-pi0.029552681-ya8.318013-ro-1.2251883-fo100!7i6080!8i3040?entry=ttu"
https://www.moma.org/collection/works/46037,"48.86320496176002, 2.328358511749968","https://www.google.com/maps/place/48°51'47.5%22N+2°19'42.1%22E/@48.8634153,2.3273978,217m/data=!3m1!1e3!4m4!3m3!8m2!3d48.863205!4d2.3283585?entry=ttu"
https://www.moma.org/collection/works/46063,"48.86320496176002, 2.328358511749968","https://www.google.com/maps/place/48°51'47.5%22N+2°19'42.1%22E/@48.8634153,2.3273978,217m/data=!3m1!1e3!4m4!3m3!8m2!3d48.863205!4d2.3283585?entry=ttu"
https://www.moma.org/collection/works/46088,"48.86320496176002, 2.328358511749968","https://www.google.com/maps/place/48°51'47.5%22N+2°19'42.1%22E/@48.8634153,2.3273978,217m/data=!3m1!1e3!4m4!3m3!8m2!3d48.863205!4d2.3283585?entry=ttu"
https://www.moma.org/collection/works/46124,"48.86320496176002, 2.328358511749968","https://www.google.com/maps/place/48°51'47.5%22N+2°19'42.1%22E/@48.8634153,2.3273978,217m/data=!3m1!1e3!4m4!3m3!8m2!3d48.863205!4d2.3283585?entry=ttu"
https://www.moma.org/collection/works/405323,"44.01801038403181, 1.3528501487420201","https://www.google.com/maps/place/44°01'04.8%22N+1°21'10.3%22E/@44.018,1.3502862,647m/data=!3m2!1e3!4b1!4m4!3m3!8m2!3d44.018!4d1.3528611?entry=ttu"
https://www.moma.org/collection/works/181828,"9.017837086148987, -79.61243787557618","https://www.google.com/maps/place/Pedro+Miguel+Locks/@9.0178333,-79.6140949,569m/data=!3m1!1e3!4m12!1m5!3m4!2zOcKwMDEnMDQuMiJOIDc5wrAzNic0NC44Ilc!8m2!3d9.0178333!4d-79.6124444!3m5!1s0x8faca70c59a5311b:0x1e3bce20d6276b19!8m2!3d9.0176357!4d-79.613362!16s%2Fg%2F1vvdw8j9?entry=ttu"
https://www.moma.org/collection/works/46417,"48.85080642246692, 2.3756570600445412","https://www.google.com/maps/place/48°51'02.9%22N+2°22'32.4%22E/@48.8518389,2.3748961,127a,35y,149.58h,45t/data=!3m1!1e3!4m4!3m3!8m2!3d48.8508064!4d2.3756571?entry=ttu"
https://www.moma.org/collection/works/58042,"48.85358551205987, 2.3447553000015273","https://www.google.com/maps/place/Saint-Michel+Notre-Dame/@48.8533731,2.3443299,165m/data=!3m1!1e3!4m6!3m5!1s0x47e671e0f4eb210d:0x923cae18805384d0!8m2!3d48.8537267!4d2.3447553!16zL20vMDJqOHo5?entry=ttu"
https://www.moma.org/collection/works/405268,"48.8576336024299, 2.3457145721929433","https://www.google.com/maps/place/L'Orangerie+-+Jardinerie+-+Salon+de+thé+-+Epicerie/@48.8576581,2.3457392,3a,90y,5.45h,90.42t/data=!3m6!1e1!3m4!1sRmkCoWCdqnxfP9uNO_t03w!2e0!7i16384!8i8192!4m12!1m5!3m4!2zNDjCsDUxJzI5LjEiTiAywrAyMCczOS45IkU!8m2!3d48.8580833!4d2.3444167!3m5!1s0x47e66f3dbba6f8e9:0x7854871c1672e44d!8m2!3d48.8577599!4d2.34561!16s%2Fg%2F11jccgsqq4?entry=ttu"
https://www.moma.org/collection/works/405270,"48.872905283231084, 2.3591881840404083","https://www.google.com/maps/place/FATTOUMI+-+Centre+Sesame,+Acupuncture,+Energétique+chinoise,+Homéopathie/@48.8729053,2.3594779,295m/data=!3m1!1e3!4m12!1m5!3m4!2zNDjCsDUyJzIyLjUiTiAywrAyMSczMy4xIkU!8m2!3d48.8729053!4d2.3591882!3m5!1s0x47e66e0db76c4001:0x327dc9623e66f2ea!8m2!3d48.873052!4d2.359244!16s%2Fg%2F11b6hsdss3?entry=ttu"
https://www.moma.org/collection/works/405273,"48.87358166800715, 2.444286665386785","https://www.google.com/maps/place/93100+Montreuil,+France/@48.863812,2.448451,3a,75y,90t/data=!3m8!1e2!3m6!1sAF1QipPB2qAxyVhTw039_eFj16KwTOb3tPrsGLzEUdvL!2e10!3e12!6shttps:%2F%2Flh5.googleusercontent.com%2Fp%2FAF1QipPB2qAxyVhTw039_eFj16KwTOb3tPrsGLzEUdvL%3Dw203-h304-k-no!7i1031!8i1548!4m7!3m6!1s0x47e66d45530eef85:0xa3aa7c6db0c45bf0!8m2!3d48.861845!4d2.4465697!10e5!16zL20vMDJqYmpf?entry=ttu"
https://www.moma.org/collection/works/405275,"43.12072143919419, 5.932977899882369","https://www.google.com/maps/place/43°07'14.1%22N+5°55'59.6%22E/@43.12194,5.9311932,185a,35y,132.17h,45t/data=!3m1!1e3!4m4!3m3!8m2!3d43.120592!4d5.9332235?entry=ttu"
https://www.moma.org/collection/works/124853,"42.80898547831548, -70.86523834743586","https://www.google.com/maps/place/Old+South+Presbyterian+Church/@42.810352,-70.8665823,184a,35y,167.98h,45t/data=!3m1!1e3!4m13!1m6!3m5!2zNDLCsDQ4JzMyLjQiTiA3MMKwNTEnNTQuOSJX!8m2!3d42.8089855!4d-70.8652383!10e5!3m5!1s0x89e2e1a97c1bd8e1:0xa29867059f0a6790!8m2!3d42.8083558!4d-70.865925!16s%2Fm%2F02q8hrd?entry=ttu"
https://www.moma.org/collection/works/405305,"42.80864696838206, -70.86586061441419","https://www.google.com/maps/@42.8086808,-70.8660681,3a,75y,133.95h,90.29t/data=!3m7!1e1!3m5!1sIgiph2J0ldwQDmPoJwc9uQ!2e0!6shttps:%2F%2Fstreetviewpixels-pa.googleapis.com%2Fv1%2Fthumbnail%3Fpanoid%3DIgiph2J0ldwQDmPoJwc9uQ%26cb_client%3Dsearch.gws-prod.gps%26w%3D86%26h%3D86%26yaw%3D115.21695%26pitch%3D0%26thumbfov%3D100!7i16384!8i8192?entry=ttu"
https://www.moma.org/collection/works/181830,"9.349767551055923, -79.90467595493874","https://www.google.com/maps/place/9°20'59.2%22N+79°54'16.8%22W/@9.349003,-79.9084133,1822m/data=!3m1!1e3!4m4!3m3!8m2!3d9.3497778!4d-79.9046667?entry=ttu"
https://www.moma.org/collection/works/51802,"40.756044066853505, -73.98699718541272","https://www.google.com/maps/place/40°45'21.8%22N+73°59'13.2%22W/@40.7560441,-73.9869972,682m/data=!3m1!1e3!4m4!3m3!8m2!3d40.7560441!4d-73.9869972?entry=ttu"
https://www.moma.org/collection/works/124997,"43.76794909691097, 11.254968974917196","https://www.google.com/maps/place/43°46'04.6%22N+11°15'17.9%22E/@43.7667727,11.2572471,267a,35y,286.59h,44.92t/data=!3m1!1e3!4m4!3m3!8m2!3d43.7679491!4d11.254969?entry=ttu"
https://www.moma.org/collection/works/125022,"47.050851404321755, 8.308238835504977","https://www.google.com/maps/place/47°03'03.1%22N+8°18'29.7%22E/@47.0508514,8.3082388,610m/data=!3m1!1e3!4m4!3m3!8m2!3d47.0508514!4d8.3082388?entry=ttu"
https://www.moma.org/collection/works/83524,"8.960683777875238, -79.55506571103703","https://www.google.com/maps/place/Edificio+de+La+Administración+del+Canal+de+Panamá/@8.9595434,-79.5555727,886m/data=!3m1!1e3!4m6!3m5!1s0x8faca8a935e8e6d5:0x496c7d0f698bd9e6!8m2!3d8.9594695!4d-79.5550504!16s%2Fg%2F11r92jrhl?entry=ttu"
https://www.moma.org/collection/works/83525,"47.394659609129604, 0.6823342784888706","https://www.google.com/maps/place/47°23'40.8%22N+0°40'56.4%22E/@47.3946944,0.6840261,127a,35y,270.35h,45t/data=!3m1!1e3!4m4!3m3!8m2!3d47.3946596!4d0.6823343?entry=ttu"
https://www.moma.org/collection/works/83526,"48.86138056883194, 2.3448385327857197","https://www.google.com/maps/place/48°51'41.0%22N+2°20'41.4%22E/@48.8615937,2.348235,323a,35y,270h,39.39t/data=!3m1!1e3!4m4!3m3!8m2!3d48.8613889!4d2.3448333?entry=ttu"
https://www.moma.org/collection/works/83527,"48.93628968996187, 2.3559490968331995","https://www.google.com/maps/place/Saint-Denis,+France/@48.935067,2.3595902,263a,35y,295.6h,44.91t/data=!3m1!1e3!4m6!3m5!1s0x47e66eaae7346d61:0xc7efebbaf928e90d!8m2!3d48.936181!4d2.357443!16zL20vMDF3dzV4?entry=ttu"
https://www.moma.org/collection/works/83528,"48.893441939136615, 2.385181454239455","https://www.google.com/maps/place/Aubervilliers/@48.9051574,2.3768566,580m/data=!3m3!1e3!4b1!5s0x47e66c2f4c24ff39:0xcdcf44500a5bc6a8!4m6!3m5!1s0x47e66dd756f40caf:0x21aab64b300d8c31!8m2!3d48.9051574!4d2.3768566!16s%2Fg%2F11kpgh4d6m?entry=ttu"
https://www.moma.org/collection/works/83529,"47.214260387090896, -1.5634656871213133","https://www.google.com/maps/place/47°12'51.3%22N+1°33'48.5%22W/@47.2142053,-1.5615881,127a,35y,270h,45t/data=!3m1!1e3!4m5!3m4!8m2!3d47.2142604!4d-1.5634657!10e5?entry=ttu"
https://www.moma.org/collection/works/83530,"9.09409842228529, -79.68147636807662","https://www.google.com/maps/place/Culebra+Cut/@9.0870667,-79.6835177,906a,35y,39.2t/data=!3m1!1e3!4m12!1m5!3m4!2zOcKwMDUnMzguOCJOIDc5wrA0MCc1My4zIlc!8m2!3d9.0940984!4d-79.6814764!3m5!1s0x8fab5ee4b1f714d9:0x70059d6d44f30f85!8m2!3d9.0939289!4d-79.681927!16zL20vMDZ6d3Z4?entry=ttu"
https://www.moma.org/collection/works/83531,"40.704537627962694, -73.99489060494403","https://www.google.com/maps/place/40°42'16.3%22N+73°59'41.6%22W/@40.6982215,-73.9964633,836a,35y,39.22t/data=!3m1!1e3!4m4!3m3!8m2!3d40.7045376!4d-73.9948906?entry=ttu"
https://www.moma.org/collection/works/83532,"32.84551539723446, -96.84855407038768","https://www.google.com/maps/place/32°50'43.9%22N+96°50'54.8%22W/@32.818614,-96.8562586,3733a,35y,38.69t/data=!3m1!1e3!4m4!3m3!8m2!3d32.8455154!4d-96.8485541?entry=ttu"
https://www.moma.org/collection/works/83533,"29.87602491442088, 31.221909341941064","https://www.google.com/maps/place/29°52'33.7%22N+31°13'18.9%22E/@29.8611163,31.217897,1929a,35y,38.97t/data=!3m1!1e3!4m4!3m3!8m2!3d29.8760249!4d31.2219093?entry=ttu"
https://www.moma.org/collection/works/83534,"48.85264953286066, 2.302884113418925","https://www.google.com/maps/@48.8462738,2.2995518,854a,35y,39.21t/data=!3m1!1e3?entry=ttu"
https://www.moma.org/collection/works/83535,"45.901341248974695, 6.12523255387029","https://www.google.com/maps/place/45°54'04.8%22N+6°07'30.8%22E/@45.8960512,6.1239815,770a,35y,39.14t/data=!3m1!1e3!4m11!1m6!3m5!2zNDXCsDU0JzA0LjgiTiA2wrAwNyczMC44IkU!8m2!3d45.9013333!4d6.1252222!10e5!3m3!8m2!3d45.9013333!4d6.1252222?entry=ttu"
https://www.moma.org/collection/works/83536,"40.68957479982746, -74.0430841865869","https://www.google.com/maps/place/40°41'22.5%22N+74°02'35.1%22W/@40.6828064,-74.0454878,834a,35y,39.22t/data=!3m1!1e3!4m4!3m3!8m2!3d40.6895748!4d-74.0430842?entry=ttu"
https://www.moma.org/collection/works/83537,"51.35077685989592, -0.11674142495791595","https://www.google.com/maps/@51.3532957,-0.1088572,495a,35y,297.49h,44.82t/data=!3m5!1e1!3m3!1skmVuYQ8kX54rJb4nNYdSbw!2e0!6shttps:%2F%2Fstreetviewpixels-pa.googleapis.com%2Fv1%2Fthumbnail%3Fpanoid%3DkmVuYQ8kX54rJb4nNYdSbw%26cb_client%3Dmaps_sv.tactile.gps%26w%3D203%26h%3D100%26yaw%3D13.376058%26pitch%3D0%26thumbfov%3D100?entry=ttu"
https://www.moma.org/collection/works/83538,"49.48695530315101, 0.10751205459331625","https://www.google.com/maps/place/49°29'13.0%22N+0°06'27.0%22E/@49.4871577,0.1056542,127a,35y,89.97h,45t/data=!3m1!1e3!4m4!3m3!8m2!3d49.4869553!4d0.1075121?entry=ttu"
https://www.moma.org/collection/works/83539,"57.05108765324497, -92.59528046938004","https://www.google.com/maps/place/57°03'03.9%22N+92°35'43.0%22W/@57.0193041,-92.61905,4852a,35y,38.48t/data=!3m1!1e3!4m4!3m3!8m2!3d57.0510877!4d-92.5952805?entry=ttu"
https://www.moma.org/collection/works/83540,"45.10832271097335, 3.8414381998774823","https://www.google.com/maps/place/45°06'30.0%22N+3°50'29.2%22E/@45.1078739,3.8447553,260a,35y,279.94h,45t/data=!3m1!1e3!4m4!3m3!8m2!3d45.1083227!4d3.8414382?entry=ttu"
https://www.moma.org/collection/works/83541,"51.83052602778765, 12.241811186312464","https://www.google.com/maps/place/51°49'49.9%22N+12°14'30.5%22E/@51.8254998,12.2417997,686a,35y,39.2t/data=!3m1!1e3!4m4!3m3!8m2!3d51.830526!4d12.2418112?entry=ttu"
https://www.moma.org/collection/works/83542,"43.70264245422624, -72.28921992853401","https://www.google.com/maps/place/43°42'09.5%22N+72°17'21.2%22W/@43.7000619,-72.2900561,394a,35y,39.31t/data=!3m1!1e3!4m4!3m3!8m2!3d43.7026425!4d-72.2892199?entry=ttu"
https://www.moma.org/collection/works/83543,"42.391219697522374, -71.10139759072389","https://www.google.com/maps/place/42°23'28.4%22N+71°06'05.0%22W/@42.3897324,-71.1020385,200a,35y,39.48t/data=!3m1!1e3!4m4!3m3!8m2!3d42.3912222!4d-71.1013889?entry=ttu"
https://www.moma.org/collection/works/83544,"42.341388276915104, -71.09202121574259","https://www.google.com/maps/place/140+Fenway,+Boston,+MA+02115/@42.3435285,-71.0925955,238a,35y,163.21h,44.92t/data=!3m1!1e3!4m12!1m5!3m4!2zNDLCsDIwJzI5LjAiTiA3McKwMDUnMzEuMyJX!8m2!3d42.3413889!4d-71.0920278!3m5!1s0x89e37a1f31f9f6df:0xfcff76492ba21389!8m2!3d42.3407907!4d-71.0917633!16s%2Fg%2F1tdbgfr9?entry=ttu"
https://www.moma.org/collection/works/83545,"42.35888180748135, -71.05782293199077","https://www.google.com/maps/place/42°21'32.0%22N+71°03'28.2%22W/@42.3562669,-71.058085,311a,35y,39.42t/data=!3m1!1e3!4m4!3m3!8m2!3d42.3588818!4d-71.0578229?entry=ttu"
https://www.moma.org/collection/works/83546,"42.35747062497912, -71.05831644527095","https://www.google.com/maps/place/42°21'26.9%22N+71°03'29.9%22W/@42.3546263,-71.0593165,402a,35y,39.36t/data=!3m1!1e3!4m4!3m3!8m2!3d42.3574706!4d-71.0583164?entry=ttu"
https://www.moma.org/collection/works/83547,"42.35782577698874, -71.06346682201249","https://www.google.com/maps/place/42°21'28.2%22N+71°03'48.5%22W/@42.3565575,-71.0640233,184a,35y,39.45t/data=!3m1!1e3!4m4!3m3!8m2!3d42.3578333!4d-71.0634722?entry=ttu"
https://www.moma.org/collection/works/83548,"42.357416260733935, -71.07187729754105","https://www.google.com/maps/place/42°21'26.7%22N+71°04'18.8%22W/@42.3553242,-71.0730187,251a,35y,11.84h,44.92t/data=!3m1!1e3!4m4!3m3!8m2!3d42.3574163!4d-71.0718773?entry=ttu"
https://www.moma.org/collection/works/83549,"42.35359679124663, -71.06941856170256","https://www.google.com/maps/place/42°21'22.3%22N+71°03'56.3%22W/@42.3512891,-71.0699389,412a,35y,39.36t/data=!3m1!1e3!4m4!3m3!8m2!3d42.3561882!4d-71.0656417?entry=ttu"
https://www.moma.org/collection/works/83550,"42.355491084604395, -71.07017374169916","https://www.google.com/maps/place/42°21'19.8%22N+71°04'12.6%22W/@42.3495684,-71.0710275,815a,35y,39.23t/data=!3m1!1e3!4m4!3m3!8m2!3d42.3554911!4d-71.0701737?entry=ttu"
https://www.moma.org/collection/works/83551,"42.352641143643936, -71.06977510867817","https://www.google.com/maps/place/42°21'09.5%22N+71°04'11.2%22W/@42.3466456,-71.0697751,815a,35y,39.23t/data=!3m1!1e3!4m4!3m3!8m2!3d42.3526411!4d-71.0697751?entry=ttu"
https://www.moma.org/collection/works/83552,"42.358233465417065, -71.05687874605744","https://www.google.com/maps/place/42°21'29.6%22N+71°03'24.8%22W/@42.3522372,-71.0568787,816a,35y,39.23t/data=!3m1!1e3!4m4!3m3!8m2!3d42.3582335!4d-71.0568787?entry=ttu"
https://www.moma.org/collection/works/83553,"42.367373802453535, -71.05554694657887","https://www.google.com/maps/place/Copps+Hill+Burying+Ground/@42.3619782,-71.056937,818a,35y,39.23t/data=!3m1!1e3!4m12!1m5!3m4!2zNDLCsDIyJzAzLjgiTiA3McKwMDMnMTcuNyJX!8m2!3d42.3677174!4d-71.0549073!3m5!1s0x89e3708c0acb2b17:0xb4a9fcb9bfa4879d!8m2!3d42.3673053!4d-71.0558515!16s%2Fm%2F04658qy?entry=ttu"
https://www.moma.org/collection/works/83554,"40.83978700963584, -73.93056459708299","https://www.google.com/maps/place/40°50'32.3%22N+73°55'45.7%22W/@40.8342445,-73.9329109,832a,35y,39.22t/data=!3m1!1e3!4m4!3m3!8m2!3d40.8423108!4d-73.9293472?entry=ttu"
https://www.moma.org/collection/works/83555,"40.85582136678708, -73.92586839261148","https://www.google.com/maps/place/40°51'21.0%22N+73°55'33.1%22W/@40.8530342,-73.9153918,903a,35y,270h,39.21t/data=!3m1!1e3!4m4!3m3!8m2!3d40.8558214!4d-73.9258684?entry=ttu"
https://www.moma.org/collection/works/83556,"40.7412666079906, -73.98755111953741","https://www.google.com/maps/place/40°44'28.6%22N+73°59'15.2%22W/@40.7478254,-73.9875873,837a,35y,180h,39.22t/data=!3m1!1e3!4m4!3m3!8m2!3d40.7412666!4d-73.9875511?entry=ttu"
https://www.moma.org/collection/works/83557,"43.06999711439963, 12.614293773664077","https://www.google.com/maps/place/43°04'12.0%22N+12°36'51.5%22E/@43.0665694,12.6131165,431a,35y,39.24t/data=!3m1!1e3!4m4!3m3!8m2!3d43.0699971!4d12.6142938?entry=ttu"
https://www.moma.org/collection/works/83558,"48.87709401535688, 2.2972090942689474","https://www.google.com/maps/place/48°52'37.5%22N+2°17'50.0%22E/@48.8760721,2.2983917,107a,35y,320.2h,45t/data=!3m1!1e3!4m4!3m3!8m2!3d48.877094!4d2.2972091?entry=ttu"
https://www.moma.org/collection/works/83559,"40.75214096588844, -73.9755449157015","https://www.google.com/maps/place/40°45'07.7%22N+73°58'32.0%22W/@40.7459879,-73.9755449,838a,35y,39.22t/data=!3m1!1e3!4m4!3m3!8m2!3d40.752141!4d-73.9755449?entry=ttu"
https://www.moma.org/collection/works/83560,"48.572300370649316, -4.323490337207763","https://www.google.com/maps/place/48°34'20.3%22N+4°19'24.6%22W/@48.572781,-4.3277144,265a,35y,93.26h,44.99t/data=!3m1!1e3!4m4!3m3!8m2!3d48.5723004!4d-4.3234903?entry=ttu"
https://www.moma.org/collection/works/83561,"40.779566038419276, -73.92432378733687","https://www.google.com/maps/place/40°46'46.4%22N+73°55'27.6%22W/@40.7801639,-73.9354708,509a,35y,90h,44.79t/data=!3m1!1e3!4m4!3m3!8m2!3d40.779566!4d-73.9243238?entry=ttu"
https://www.moma.org/collection/works/83562,"49.97398458936697, 8.605080485173037","https://www.google.com/maps/place/49°58'26.3%22N+8°36'18.3%22E/@49.9688397,8.6026995,714a,35y,39.24t/data=!3m1!1e3!4m4!3m3!8m2!3d49.9739846!4d8.6050805?entry=ttu"
https://www.moma.org/collection/works/83563,"40.76627632625654, -73.97765608226179","https://www.google.com/maps/place/40°45'58.6%22N+73°58'39.6%22W/@40.7662763,-73.9695459,837a,35y,270h,39.22t/data=!3m1!1e3!4m4!3m3!8m2!3d40.7662763!4d-73.9776561?entry=ttu"
https://www.moma.org/collection/works/83564,"40.723812561290806, -74.00036569633788","https://www.google.com/maps/place/40°43'25.7%22N+74°00'01.3%22W/@40.7176788,-74.0010598,838a,35y,39.22t/data=!3m1!1e3!4m4!3m3!8m2!3d40.7238126!4d-74.0003657?entry=ttu"
https://www.moma.org/collection/works/83565,"40.59535129579829, -73.50042311622309","https://www.google.com/maps/place/40°35'43.3%22N+73°30'01.5%22W/@40.582746,-73.501651,1676a,35y,39.03t/data=!3m1!1e3!4m4!3m3!8m2!3d40.5953513!4d-73.5004231?entry=ttu"
https://www.moma.org/collection/works/83566,"44.97168037578974, -110.71378507972594","https://www.google.com/maps/place/44°58'18.1%22N+110°42'49.6%22W/@44.9605421,-110.7188262,1495a,35y,38.75t/data=!3m1!1e3!4m4!3m3!8m2!3d44.9716804!4d-110.7137851?entry=ttu"
https://www.moma.org/collection/works/83567,"44.649577907176585, -110.78601510866288","https://www.google.com/maps/place/44°38'58.5%22N+110°47'09.7%22W/@44.6274392,-110.7934536,3057a,35y,38.56t/data=!3m1!1e3!4m4!3m3!8m2!3d44.6495779!4d-110.7860151?entry=ttu"
https://www.moma.org/collection/works/83568,"29.215461934602775, -82.05354861524819","https://www.google.com/maps/place/29°12'55.7%22N+82°03'12.8%22W/@29.2137026,-82.0537043,241a,35y,39.43t/data=!3m1!1e3!4m4!3m3!8m2!3d29.2154619!4d-82.0535486?entry=ttu"
https://www.moma.org/collection/works/83569,"49.44174137210123, 1.0966995723888247","https://www.google.com/maps/place/49°26'30.3%22N+1°05'48.1%22E/@49.4366923,1.0954054,715a,35y,39.26t/data=!3m1!1e3!4m4!3m3!8m2!3d49.4417414!4d1.0966996?entry=ttu"
https://www.moma.org/collection/works/83570,"46.90103281665305, 3.8351877084962207","https://www.google.com/maps/place/46°54'03.7%22N+3°50'06.7%22E/@46.8902563,3.8327353,1475a,35y,39.03t/data=!3m1!1e3!4m4!3m3!8m2!3d46.9010328!4d3.8351877?entry=ttu"
https://www.moma.org/collection/works/83571,"47.657617234479844, -2.758276961446285","https://www.google.com/maps/place/47°39'27.4%22N+2°45'29.8%22W/@47.6566933,-2.7576207,125a,35y,325.25h,45t/data=!3m1!1e3!4m4!3m3!8m2!3d47.6576172!4d-2.758277?entry=ttu"
https://www.moma.org/collection/works/83572,"49.36469695723288, 0.08258373642310539","https://www.google.com/maps/@49.3637086,0.0838218,3a,60y,90t/data=!3m6!1e1!3m4!1sYeg0yPsdmjL_jejqoyZZSQ!2e0!7i16384!8i8192?entry=ttu"
https://www.moma.org/collection/works/83573,"45.54788390866503, 2.309686798272528","https://www.google.com/maps/@45.5477599,2.3120016,203a,35y,270h,39.27t/data=!3m1!1e3?entry=ttu"
https://www.moma.org/collection/works/83574,"49.04504503276133, 3.9574017293482346","https://www.google.com/maps/place/Mai+des+Lys/@49.0450217,3.9564163,3a,75y,262.09h,87t/data=!3m6!1e1!3m4!1s-Zxe1TrLizO0GlLJnzNsKw!2e0!7i16384!8i8192!4m9!1m2!2m1!1schinese+food+near+Épernay,+France!3m5!1s0x47e96b51c5435caf:0x39e08f8465eeb17d!8m2!3d49.0450533!4d3.9557262!16s%2Fg%2F1tdq5b83?entry=ttu"
https://www.moma.org/collection/works/83575,"50.406344422090456, 1.5641359117590492","https://www.google.com/maps/place/La+Renommée/@50.4062627,1.5680839,231a,35y,279.99h,45t/data=!3m1!1e3!4m6!3m5!1s0x47dddc1c6d850fcb:0x153edfb850290beb!8m2!3d50.406314!4d1.5641438!16s%2Fg%2F1tvgtmbv?entry=ttu"
https://www.moma.org/collection/works/83576,"48.30358626222227, 0.18175029926383882","https://www.google.com/maps/place/7+Rue+Principale,+72610+Grandchamp,+France/@48.3013368,0.181515,245a,35y,3.98h,45t/data=!3m1!1e3!4m15!1m8!3m7!1s0x47e26e0fb55e2a9f:0x40d37521e0ac8a0!2s72610+Grandchamp,+France!3b1!8m2!3d48.301982!4d0.182782!16s%2Fm%2F03qk2fm!3m5!1s0x47e26e16cdefa507:0x7600887e135b2b3a!8m2!3d48.3036837!4d0.181673!16s%2Fg%2F11v03v4chr?entry=ttu"
https://www.moma.org/collection/works/83577,"45.76754461999532, 4.830005590971094","https://www.google.com/maps/@45.7672191,4.8295231,3a,75y,28.1h,95.55t/data=!3m6!1e1!3m4!1shc7e-oC1Qj8KEjMwoX4A1A!2e0!7i16384!8i8192?entry=ttu"
https://www.moma.org/collection/works/83578,"48.87169127825648, 2.3718647123630174","https://www.google.com/maps/@48.8728781,2.3723464,127a,35y,193.66h,45t/data=!3m1!1e3?entry=ttu"
https://www.moma.org/collection/works/83579,"46.72281483527499, 2.506303672441867","https://www.google.com/maps/place/Ad-Thermie/@46.7232229,2.5097407,254a,35y,257.99h,45t/data=!3m1!1e3!4m6!3m5!1s0x47fa7c75cb1d02f7:0xbba8bae6b39f5940!8m2!3d46.7227884!4d2.5061934!16s%2Fg%2F11c603hdpc?entry=ttu"
https://www.moma.org/collection/works/83580,"48.8797074625925, 2.3271057936244475","https://www.google.com/maps/place/Crédit+Agricole+de+Paris+Amsterdam/@48.8787793,2.3265988,122a,35y,45t/data=!3m1!1e3!4m6!3m5!1s0x47e66e493d0c4c0b:0x8b62d8f3159010c!8m2!3d48.8797458!4d2.3272029!16s%2Fg%2F1tj20vq8?entry=ttu"
https://www.moma.org/collection/works/83581,"46.820916268168624, 3.031174284884848","https://www.google.com/maps/@46.820749,3.0308464,3a,75y,64.46h,92.05t/data=!3m6!1e1!3m4!1smqY-1SEtUDySmxq1a1x3MQ!2e0!7i16384!8i8192?entry=ttu"
https://www.moma.org/collection/works/83582,"48.86347151689559, 2.3468866794116283","https://www.google.com/maps/@48.8592181,2.3492388,465a,35y,337.42h,44.81t/data=!3m1!1e3?entry=ttu"
https://www.moma.org/collection/works/83583,"47.47242382870598, -0.554859510732735","https://www.google.com/maps/place/Republic+Square/@47.4712745,-0.5560514,133a,35y,33.15h,45t/data=!3m1!1e3!4m6!3m5!1s0x480878c22a1fb16b:0xb1d32731bc9c36ce!8m2!3d47.4722967!4d-0.5549854!16s%2Fg%2F1hhh_t1tb?entry=ttu"
https://www.moma.org/collection/works/83584,"45.748094414671264, 4.847056375928625","https://www.google.com/maps/@45.7488293,4.8457609,127a,35y,132.39h,45t/data=!3m1!1e3?entry=ttu"
https://www.moma.org/collection/works/83585,"48.84162218526684, 2.2888906925341397","https://www.google.com/maps/place/32+Av.+Félix+Faure,+75015+Paris,+France/@48.8404143,2.2890333,127a,35y,357.32h,45t/data=!3m1!1e3!4m7!3m6!1s0x47e6701224f19ae1:0xebefbdee3eb216f1!8m2!3d48.8417513!4d2.2889892!10e5!16s%2Fg%2F11b8v7h6z1?entry=ttu"
https://www.moma.org/collection/works/83586,"53.579265442157165, 9.939259808249368","https://www.google.com/maps/place/Langenfelder+Damm+31,+20257+Hamburg,+Germany/@53.5814204,9.9439363,352a,35y,241.5h,44.87t/data=!3m1!1e3!4m7!3m6!1s0x47b185fc79c52c37:0x3e5349744c346513!8m2!3d53.57942!4d9.93961!10e5!16s%2Fg%2F11c2grj9jr?entry=ttu"
https://www.moma.org/collection/works/83587,"48.88152151344504, 2.278035013290337","https://www.google.com/maps/@48.8816158,2.2780361,3a,75y,169.28h,86.22t/data=!3m6!1e1!3m4!1sXn0xk4DDBsOOIFCFoivjTA!2e0!7i16384!8i8192?entry=ttu"
https://www.moma.org/collection/works/83588,"48.877809323494496, 2.2701077229481874","https://www.google.com/maps/place/Jardin+d'Acclimatation/@48.8777811,2.2697644,15z/data=!4m14!1m7!3m6!1s0x47e66533f74a6505:0x8ac32ed9b41ff362!2sJardin+d'Acclimatation!8m2!3d48.8777811!4d2.2697644!16zL20vMDg3cTVy!3m5!1s0x47e66533f74a6505:0x8ac32ed9b41ff362!8m2!3d48.8777811!4d2.2697644!16zL20vMDg3cTVy?entry=ttu"
https://www.moma.org/collection/works/83589,"43.471899993228156, -0.9239526049885319","https://www.google.com/maps/@43.4719159,-0.9240121,3a,15y,105.79h,115.29t/data=!3m6!1e1!3m4!1sdYsQG66GOaFMhQz_UfHVzQ!2e0!7i16384!8i8192?entry=ttu"
https://www.moma.org/collection/works/83590,"48.861683677690586, 2.383134948059767","https://www.google.com/maps/@48.861747,2.3830888,3a,75y,351.26h,76.21t/data=!3m6!1e1!3m4!1s6DpuSjE8h4i75xCEuYuVpw!2e0!7i16384!8i8192?entry=ttu"
https://www.moma.org/collection/works/83591,"48.855927197363044, 2.3366129872966277","https://www.google.com/maps/@48.8558966,2.3366898,3a,75y,245.47h,94.87t/data=!3m6!1e1!3m4!1sLy-bbViflAq_yXuAiU_9JA!2e0!7i16384!8i8192?entry=ttu"
https://www.moma.org/collection/works/83592,"43.73941443486874, 7.427609586965822","https://www.google.com/maps/place/Hector+Berlioz+Statue/@43.7381936,7.4268018,127a,35y,30.49h,45t/data=!3m1!1e3!4m6!3m5!1s0x12cdc3970f4958d7:0xe5035950b2de16dd!8m2!3d43.7385175!4d7.4283065!16s%2Fg%2F11gphvlpwy?entry=ttu"
https://www.moma.org/collection/works/83593,"48.86974168390968, 2.3427743313825906","https://www.google.com/maps/@48.8697537,2.3428275,3a,75y,224.61h,82.68t/data=!3m6!1e1!3m4!1s2bJwQZ8sf5w_IrdvQGrjXg!2e0!7i16384!8i8192?entry=ttu"
https://www.moma.org/collection/works/83594,"45.769583468077144, 4.837052986196882","https://www.google.com/maps/@45.7695054,4.8369042,3a,75y,277.22h,95.75t/data=!3m6!1e1!3m4!1saHiEDGLW_5781Ky2Ymj0tQ!2e0!7i13312!8i6656?entry=ttu"
https://www.moma.org/collection/works/83595,"48.89581693090365, 3.3975216621559987","https://www.google.com/maps/@48.8950604,3.3962836,127a,35y,44.35h,45t/data=!3m1!1e3?entry=ttu"
https://www.moma.org/collection/works/83596,"45.75759305471242, 4.8352935623694355","https://www.google.com/maps/@45.7576397,4.8353473,3a,75y,210.81h,81.15t/data=!3m6!1e1!3m4!1s6iV1fmkn2j-5_YCr-QgK2Q!2e0!7i16384!8i8192?entry=ttu"
https://www.moma.org/collection/works/83597,"48.850070787829935, 2.3309833010962335","https://www.google.com/maps/@48.8501094,2.3308501,3a,90y,118.46h,83.09t/data=!3m6!1e1!3m4!1swKWIOyTs-H8IAem79lQMzQ!2e0!7i16384!8i8192?entry=ttu"
https://www.moma.org/collection/works/83598,"48.86681033826423, 2.3364981566167815","https://www.google.com/maps/@48.8668346,2.3365708,3a,82y,212.64h,85.38t/data=!3m6!1e1!3m4!1soHq8BioOLaKVmjbJTC7ezA!2e0!7i16384!8i8192?entry=ttu"
https://www.moma.org/collection/works/83599,"45.393428981438376, 5.262114097954639","https://www.google.com/maps/@45.3934062,5.2620852,3a,75y,18h,93.06t/data=!3m6!1e1!3m4!1sfUnJpokMN_KM_b2l40H2Qw!2e0!7i16384!8i8192?entry=ttu"
https://www.moma.org/collection/works/83600,"48.5900130211597, 2.24860432435759","https://www.google.com/maps/@48.5900094,2.2485497,3a,75y,73.33h,84.46t/data=!3m6!1e1!3m4!1sWYt-ukACLiO6AxIxUxULFA!2e0!7i16384!8i8192?entry=ttu"
https://www.moma.org/collection/works/83601,"48.847578017906486, 2.3715758326236926","https://www.google.com/maps/@48.8475594,2.3715418,3a,75y,209.4h,96.93t/data=!3m6!1e1!3m4!1st94-6A9l2xPuc4-k6fO_sw!2e0!7i16384!8i8192?entry=ttu"
https://www.moma.org/collection/works/83602,"48.83923268409225, 2.3478872885112003","https://www.google.com/maps/@48.8394747,2.3481236,3a,44.5y,204.75h,94.25t/data=!3m6!1e1!3m4!1sSlefFmZvcR0CzAwofJHoiQ!2e0!7i16384!8i8192?entry=ttu"
https://www.moma.org/collection/works/83603,"48.88747483353858, 2.319565383617295","https://www.google.com/maps/@48.8873864,2.3197491,3a,84y,307.43h,82.8t/data=!3m6!1e1!3m4!1smWlUul1KbmWn8ZwDVi9hjA!2e0!7i16384!8i8192?entry=ttu"
https://www.moma.org/collection/works/83604,"48.58821574168755, 2.249591138579081","https://www.google.com/maps/@48.5882409,2.2496452,3a,75y,251.56h,90.4t/data=!3m6!1e1!3m4!1swnNK_NqbnuWV4J0JmImAHw!2e0!7i16384!8i8192?entry=ttu"
https://www.moma.org/collection/works/83605,"48.8658946363291, 2.2823222282946345","https://www.google.com/maps/@48.8658329,2.282251,3a,37.5y,25.38h,89.06t/data=!3m6!1e1!3m4!1s9V7zSU5qdfbXMxmwf9kNWQ!2e0!7i16384!8i8192?entry=ttu"
https://www.moma.org/collection/works/83606,"48.902813837053934, 2.3018384237961524","https://www.google.com/maps/@48.9027844,2.3019512,3a,75y,303.85h,83t/data=!3m6!1e1!3m4!1s0MGm-hhgXT1Waq1pWxgLVA!2e0!7i16384!8i8192?entry=ttu"
https://www.moma.org/collection/works/83607,"43.7390832921887, 7.42758209220295","https://www.google.com/maps/@43.7390723,7.4276955,3a,75y,228.89h,97.56t/data=!3m6!1e1!3m4!1sPoLQmexS1lLpT0OmdTdveQ!2e0!7i13312!8i6656?entry=ttu"
https://www.moma.org/collection/works/83608,"48.11226335486959, 4.373846746278106","https://www.google.com/maps/place/Kebab+le+Break+Time/@48.1122632,4.373908,3a,75y,277.83h,77.66t/data=!3m6!1e1!3m4!1sXvURV94FTadl32taNp--bg!2e0!7i16384!8i8192!4m9!1m2!2m1!1sBar-sur-Seine+B13+P383!3m5!1s0x47efab0883d190ef:0xdd49d155e9e425a!8m2!3d48.1138899!4d4.3734581!16s%2Fg%2F1tdkw_zm?entry=ttu"
https://www.moma.org/collection/works/83609,"48.86791156547149, 2.3539863681020052","https://www.google.com/maps/@48.8680853,2.3541171,3a,75y,191.47h,86.52t/data=!3m6!1e1!3m4!1sBICKgJjNIrPfem1vbjgYIw!2e0!7i16384!8i8192?entry=ttu"
https://www.moma.org/collection/works/83610,"48.893248551401264, 2.3167810564384403","https://www.google.com/maps/@48.893137,2.3169488,3a,60y,331.05h,90.65t/data=!3m6!1e1!3m4!1sOcp_5BSdwmMglBx2kdBpGQ!2e0!7i16384!8i8192?entry=ttu"
https://www.moma.org/collection/works/83611,"48.876543069693994, 2.295187653237706","https://www.google.com/maps/@48.8764267,2.2948683,3a,75y,52.12h,88.82t/data=!3m6!1e1!3m4!1se4RaRNAdvcdQuitV9av5cQ!2e0!7i16384!8i8192?entry=ttu"
https://www.moma.org/collection/works/83612,"48.87884072530128, 2.322341253645482","https://www.google.com/maps/@48.878764,2.3222571,3a,57.3y,44.35h,93.96t/data=!3m6!1e1!3m4!1sRBMjBXZCq-OYczgoHDLpHA!2e0!7i13312!8i6656?entry=ttu"
https://www.moma.org/collection/works/83613,"40.712332804665394, -74.0080418584068","https://www.google.com/maps/place/The+Woolworth+Building/@40.7132641,-74.0133187,438a,35y,90h,39.36t/data=!3m2!1e3!5s0x89c26231f276e3d1:0xd14663d250c94764!4m6!3m5!1s0x89c25a18ed652051:0x7489abf50a82e5d6!8m2!3d40.71243!4d-74.0083547!16s%2Fg%2F1tffvvwf?entry=ttu"
https://www.moma.org/collection/works/83614,"48.86780929909038, 2.3484743922794737","https://www.google.com/maps/@48.8678552,2.3482278,3a,75y,108.24h,68.84t/data=!3m6!1e1!3m4!1sYgIyy9q0eAyax6_srprb-A!2e0!7i16384!8i8192?entry=ttu"
https://www.moma.org/collection/works/83615,"48.887954383872156, 2.32436889516843","https://www.google.com/maps/@48.8879548,2.3245082,3a,75y,206.74h,85.66t/data=!3m6!1e1!3m4!1silghjfGJ-DbsjDp5ha0vew!2e0!7i16384!8i8192?entry=ttu"
https://www.moma.org/collection/works/83616,"48.869564076250974, 2.3344484485853054","https://www.google.com/maps/@48.8879548,2.3245082,3a,75y,206.74h,85.66t/data=!3m6!1e1!3m4!1silghjfGJ-DbsjDp5ha0vew!2e0!7i16384!8i8192?entry=ttu"
https://www.moma.org/collection/works/83617,"48.792231592777675, 2.5140265409880027","https://www.google.com/maps/@48.8879548,2.3245082,3a,75y,206.74h,85.66t/data=!3m6!1e1!3m4!1silghjfGJ-DbsjDp5ha0vew!2e0!7i16384!8i8192?entry=ttu"
https://www.moma.org/collection/works/83618,"48.867490896281915, 2.3618451806922685","https://www.google.com/maps/@48.8879548,2.3245082,3a,75y,206.74h,85.66t/data=!3m6!1e1!3m4!1silghjfGJ-DbsjDp5ha0vew!2e0!7i16384!8i8192?entry=ttu"
https://www.moma.org/collection/works/83619,"48.950816292929105, 3.6994205357616052","https://www.google.com/maps/@48.8879548,2.3245082,3a,75y,206.74h,85.66t/data=!3m6!1e1!3m4!1silghjfGJ-DbsjDp5ha0vew!2e0!7i16384!8i8192?entry=ttu"
https://www.moma.org/collection/works/83620,"48.88193098520372, 2.2942026816324974","https://www.google.com/maps/@48.8879548,2.3245082,3a,75y,206.74h,85.66t/data=!3m6!1e1!3m4!1silghjfGJ-DbsjDp5ha0vew!2e0!7i16384!8i8192?entry=ttu"
https://www.moma.org/collection/works/83621,"48.885421406580456, 2.3379629996681306","https://www.google.com/maps/@48.8879548,2.3245082,3a,75y,206.74h,85.66t/data=!3m6!1e1!3m4!1silghjfGJ-DbsjDp5ha0vew!2e0!7i16384!8i8192?entry=ttu"
https://www.moma.org/collection/works/83622,"38.981865336149845, -76.48536961232166","https://www.google.com/maps/@48.8879548,2.3245082,3a,75y,206.74h,85.66t/data=!3m6!1e1!3m4!1silghjfGJ-DbsjDp5ha0vew!2e0!7i16384!8i8192?entry=ttu"
https://www.moma.org/collection/works/83623,"48.89755410789457, 2.33159939317477","https://www.google.com/maps/@48.8976255,2.3315235,3a,37y,161.77h,94.13t/data=!3m6!1e1!3m4!1sqeMt0dKlie9GXHw7EX8Eag!2e0!7i16384!8i8192?entry=ttu"
https://www.moma.org/collection/works/83624,"48.870753974299305, 2.3426872253428295","https://www.google.com/maps/place/Zucchini/@48.8707492,2.3428367,3a,90y,282.98h,94.66t/data=!3m6!1e1!3m4!1s3OvQZpfd-6eFD8av3OLQnQ!2e0!7i16384!8i8192!4m16!1m9!3m8!1s0x47e66e3c327fdc49:0xde38bab02d262e91!2s157+Rue+Montmartre,+75002+Paris,+France!3b1!8m2!3d48.8707325!4d2.3426686!10e5!16s%2Fg%2F11csgr81nt!3m5!1s0x47e66e3c2d78dcc1:0xf7c88e19344936d6!8m2!3d48.8707616!4d2.3426813!16s%2Fg%2F11hkw6kdr8?entry=ttu"
https://www.moma.org/collection/works/83625,"48.888393047679294, 2.284223996445877","https://www.google.com/maps/place/Zucchini/@48.8707492,2.3428367,3a,90y,282.98h,94.66t/data=!3m6!1e1!3m4!1s3OvQZpfd-6eFD8av3OLQnQ!2e0!7i16384!8i8192!4m16!1m9!3m8!1s0x47e66e3c327fdc49:0xde38bab02d262e91!2s157+Rue+Montmartre,+75002+Paris,+France!3b1!8m2!3d48.8707325!4d2.3426686!10e5!16s%2Fg%2F11csgr81nt!3m5!1s0x47e66e3c2d78dcc1:0xf7c88e19344936d6!8m2!3d48.8707616!4d2.3426813!16s%2Fg%2F11hkw6kdr8?entry=ttu"
https://www.moma.org/collection/works/83626,"48.86732307894374, 2.3222805871049714","https://www.google.com/maps/place/Zucchini/@48.8707492,2.3428367,3a,90y,282.98h,94.66t/data=!3m6!1e1!3m4!1s3OvQZpfd-6eFD8av3OLQnQ!2e0!7i16384!8i8192!4m16!1m9!3m8!1s0x47e66e3c327fdc49:0xde38bab02d262e91!2s157+Rue+Montmartre,+75002+Paris,+France!3b1!8m2!3d48.8707325!4d2.3426686!10e5!16s%2Fg%2F11csgr81nt!3m5!1s0x47e66e3c2d78dcc1:0xf7c88e19344936d6!8m2!3d48.8707616!4d2.3426813!16s%2Fg%2F11hkw6kdr8?entry=ttu"
https://www.moma.org/collection/works/83627,"48.85348798570036, 2.388418704142469","https://www.google.com/maps/place/Zucchini/@48.8707492,2.3428367,3a,90y,282.98h,94.66t/data=!3m6!1e1!3m4!1s3OvQZpfd-6eFD8av3OLQnQ!2e0!7i16384!8i8192!4m16!1m9!3m8!1s0x47e66e3c327fdc49:0xde38bab02d262e91!2s157+Rue+Montmartre,+75002+Paris,+France!3b1!8m2!3d48.8707325!4d2.3426686!10e5!16s%2Fg%2F11csgr81nt!3m5!1s0x47e66e3c2d78dcc1:0xf7c88e19344936d6!8m2!3d48.8707616!4d2.3426813!16s%2Fg%2F11hkw6kdr8?entry=ttu"
https://www.moma.org/collection/works/83628,"48.88319248418783, 2.3142525007895953","https://www.google.com/maps/place/Zucchini/@48.8707492,2.3428367,3a,90y,282.98h,94.66t/data=!3m6!1e1!3m4!1s3OvQZpfd-6eFD8av3OLQnQ!2e0!7i16384!8i8192!4m16!1m9!3m8!1s0x47e66e3c327fdc49:0xde38bab02d262e91!2s157+Rue+Montmartre,+75002+Paris,+France!3b1!8m2!3d48.8707325!4d2.3426686!10e5!16s%2Fg%2F11csgr81nt!3m5!1s0x47e66e3c2d78dcc1:0xf7c88e19344936d6!8m2!3d48.8707616!4d2.3426813!16s%2Fg%2F11hkw6kdr8?entry=ttu"
https://www.moma.org/collection/works/83629,"48.84242546714551, 2.337885614631387","https://www.google.com/maps/place/Zucchini/@48.8707492,2.3428367,3a,90y,282.98h,94.66t/data=!3m6!1e1!3m4!1s3OvQZpfd-6eFD8av3OLQnQ!2e0!7i16384!8i8192!4m16!1m9!3m8!1s0x47e66e3c327fdc49:0xde38bab02d262e91!2s157+Rue+Montmartre,+75002+Paris,+France!3b1!8m2!3d48.8707325!4d2.3426686!10e5!16s%2Fg%2F11csgr81nt!3m5!1s0x47e66e3c2d78dcc1:0xf7c88e19344936d6!8m2!3d48.8707616!4d2.3426813!16s%2Fg%2F11hkw6kdr8?entry=ttu"
https://www.moma.org/collection/works/83630,"48.86807551907759, 2.3603970625527118","https://www.google.com/maps/place/Zucchini/@48.8707492,2.3428367,3a,90y,282.98h,94.66t/data=!3m6!1e1!3m4!1s3OvQZpfd-6eFD8av3OLQnQ!2e0!7i16384!8i8192!4m16!1m9!3m8!1s0x47e66e3c327fdc49:0xde38bab02d262e91!2s157+Rue+Montmartre,+75002+Paris,+France!3b1!8m2!3d48.8707325!4d2.3426686!10e5!16s%2Fg%2F11csgr81nt!3m5!1s0x47e66e3c2d78dcc1:0xf7c88e19344936d6!8m2!3d48.8707616!4d2.3426813!16s%2Fg%2F11hkw6kdr8?entry=ttu"
https://www.moma.org/collection/works/83631,"48.859538427070696, 2.3542382153319656","https://www.google.com/maps/place/Zucchini/@48.8707492,2.3428367,3a,90y,282.98h,94.66t/data=!3m6!1e1!3m4!1s3OvQZpfd-6eFD8av3OLQnQ!2e0!7i16384!8i8192!4m16!1m9!3m8!1s0x47e66e3c327fdc49:0xde38bab02d262e91!2s157+Rue+Montmartre,+75002+Paris,+France!3b1!8m2!3d48.8707325!4d2.3426686!10e5!16s%2Fg%2F11csgr81nt!3m5!1s0x47e66e3c2d78dcc1:0xf7c88e19344936d6!8m2!3d48.8707616!4d2.3426813!16s%2Fg%2F11hkw6kdr8?entry=ttu"
https://www.moma.org/collection/works/83632,"48.88176213537974, 2.3165778351579402","https://www.google.com/maps/place/Zucchini/@48.8707492,2.3428367,3a,90y,282.98h,94.66t/data=!3m6!1e1!3m4!1s3OvQZpfd-6eFD8av3OLQnQ!2e0!7i16384!8i8192!4m16!1m9!3m8!1s0x47e66e3c327fdc49:0xde38bab02d262e91!2s157+Rue+Montmartre,+75002+Paris,+France!3b1!8m2!3d48.8707325!4d2.3426686!10e5!16s%2Fg%2F11csgr81nt!3m5!1s0x47e66e3c2d78dcc1:0xf7c88e19344936d6!8m2!3d48.8707616!4d2.3426813!16s%2Fg%2F11hkw6kdr8?entry=ttu"
https://www.moma.org/collection/works/83633,"48.853936116971276, 2.3384425714450074","https://www.google.com/maps/place/Zucchini/@48.8707492,2.3428367,3a,90y,282.98h,94.66t/data=!3m6!1e1!3m4!1s3OvQZpfd-6eFD8av3OLQnQ!2e0!7i16384!8i8192!4m16!1m9!3m8!1s0x47e66e3c327fdc49:0xde38bab02d262e91!2s157+Rue+Montmartre,+75002+Paris,+France!3b1!8m2!3d48.8707325!4d2.3426686!10e5!16s%2Fg%2F11csgr81nt!3m5!1s0x47e66e3c2d78dcc1:0xf7c88e19344936d6!8m2!3d48.8707616!4d2.3426813!16s%2Fg%2F11hkw6kdr8?entry=ttu"
https://www.moma.org/collection/works/83634,"43.69957083297352, 7.278377798718261","https://www.google.com/maps/place/Zucchini/@48.8707492,2.3428367,3a,90y,282.98h,94.66t/data=!3m6!1e1!3m4!1s3OvQZpfd-6eFD8av3OLQnQ!2e0!7i16384!8i8192!4m16!1m9!3m8!1s0x47e66e3c327fdc49:0xde38bab02d262e91!2s157+Rue+Montmartre,+75002+Paris,+France!3b1!8m2!3d48.8707325!4d2.3426686!10e5!16s%2Fg%2F11csgr81nt!3m5!1s0x47e66e3c2d78dcc1:0xf7c88e19344936d6!8m2!3d48.8707616!4d2.3426813!16s%2Fg%2F11hkw6kdr8?entry=ttu"
https://www.moma.org/collection/works/83635,"50.406316144899364, 1.5643431275242923","https://www.google.com/maps/@50.4066871,1.5644835,3a,47.5y,157.16h,92.88t/data=!3m6!1e1!3m4!1s84jAue32VRu8ocTQLRRQCQ!2e0!7i13312!8i6656?entry=ttu"
https://www.moma.org/collection/works/83636,"43.554379813887444, 7.016900157703351","https://www.google.com/maps/@43.5554551,7.0169359,3a,75y,307.34h,88.01t/data=!3m6!1e1!3m4!1sSJfstqTdz35OnNdxPBydjw!2e0!7i16384!8i8192?entry=ttu"
https://www.moma.org/collection/works/83637,"51.81581772657315, 4.663398991154661","https://www.google.com/maps/@51.8155554,4.6637919,3a,75y,302.4h,73.44t/data=!3m6!1e1!3m4!1steDPNu9hO2UsdEfGJyzmfQ!2e0!7i16384!8i8192?entry=ttu"
https://www.moma.org/collection/works/83638,"48.8280273494129, 2.372360161081581","https://www.google.com/maps/@43.5554551,7.0169359,3a,75y,307.34h,88.01t/data=!3m6!1e1!3m4!1sSJfstqTdz35OnNdxPBydjw!2e0!7i16384!8i8192?entry=ttu"
https://www.moma.org/collection/works/83639,"48.8607949693704, 2.3058219375005273","https://www.google.com/maps/@43.5554551,7.0169359,3a,75y,307.34h,88.01t/data=!3m6!1e1!3m4!1sSJfstqTdz35OnNdxPBydjw!2e0!7i16384!8i8192?entry=ttu"
https://www.moma.org/collection/works/83640,"48.88395952463923, 2.321423451816848","https://www.google.com/maps/@43.5554551,7.0169359,3a,75y,307.34h,88.01t/data=!3m6!1e1!3m4!1sSJfstqTdz35OnNdxPBydjw!2e0!7i16384!8i8192?entry=ttu"
https://www.moma.org/collection/works/83641,"48.86309947963117, 2.370950020473315","https://www.google.com/maps/@48.863254,2.3709604,3a,57.3y,211.78h,97.4t/data=!3m6!1e1!3m4!1srTqfQzOFVZ959BqfrsmivA!2e0!7i16384!8i8192?entry=ttu"
https://www.moma.org/collection/works/83642,"48.884486463082595, 2.316915026763215","https://www.google.com/maps/place/Music+Media+Consulting+-+Agence+Presse+Tous+Médias/@48.8845139,2.3170718,3a,90y,271.57h,84.13t/data=!3m6!1e1!3m4!1sPJBtDUDvHOhgnnDZTOO7yQ!2e0!7i16384!8i8192!4m16!1m9!3m8!1s0x47e66fb10a7b3a47:0x72a1f83f4ec3cbe1!2s31+Rue+Dulong,+75017+Paris,+France!3b1!8m2!3d48.8843024!4d2.3167134!10e5!16s%2Fg%2F11c2bx2tbk!3m5!1s0x47e66e52a6333ad3:0xa711426fa1acf94b!8m2!3d48.884379!4d2.3169301!16s%2Fg%2F12hv55gfq?entry=ttu"
https://www.moma.org/collection/works/83643,"48.886703955443565, 2.3556160501627366","https://www.google.com/maps/place/FADEL+COUTURE/@48.8868348,2.3555412,3a,75y,215.56h,98.68t/data=!3m6!1e1!3m4!1saJRiNpiD1wB-Jq_WPKjI0A!2e0!7i16384!8i8192!4m15!1m8!3m7!1s0x47e66e6f80c0ab7d:0xa6970358e51e5e88!2sRue+Affre,+75018+Paris,+France!3b1!8m2!3d48.8862145!4d2.3556483!16s%2Fg%2F12gh50f_b!3m5!1s0x47e66e659d340001:0x16c5319f51b8309a!8m2!3d48.8868332!4d2.355438!16s%2Fg%2F11c31npk5g?entry=ttu"
https://www.moma.org/collection/works/83644,"48.86917346040822, 2.3430507825360904","https://www.google.com/maps/place/VEGA+Investment+Managers/@48.8690767,2.3432022,3a,75y,276.3h,96.99t/data=!3m6!1e1!3m4!1sdcHQdHI7u30LsZg5xb-ixA!2e0!7i16384!8i8192!4m16!1m9!3m8!1s0x47e66e3daa34b777:0x16c48ca269b20fe6!2s123+Rue+Montmartre,+75002+Paris,+France!3b1!8m2!3d48.86902!4d2.3431044!10e5!16s%2Fg%2F11c2c6cgcw!3m5!1s0x47e66fc4db04406b:0xe685db4e8d996633!8m2!3d48.868769!4d2.3428875!16s%2Fg%2F11b6d29y3w?entry=ttu"
https://www.moma.org/collection/works/83645,"32.68353890710354, -117.18554480889098","https://www.google.com/maps/place/Coronado+Beach/@32.68657,-117.193616,2365m/data=!3m1!1e3!4m6!3m5!1s0x80deacc6539184dd:0x11b91f6167735576!8m2!3d32.6847742!4d-117.1878115!16s%2Fm%2F0jw38dw?entry=ttu"
https://www.moma.org/collection/works/83646,"51.254249192963584, -115.83931496929809","https://www.google.com/maps/@51.2539909,-115.8378352,3a,75y,229.75h,82.9t/data=!3m6!1e1!3m4!1sAF1QipN8TO-kEqE4F4KabE5PIZUmbDs2J2DoWwnofvOI!2e10!7i5760!8i2880?entry=ttu"
https://www.moma.org/collection/works/83647,"51.16663486772885, -115.56009131387391","https://www.google.com/maps/@51.164975,-115.5613783,3a,75y,55.75h,90t/data=!3m8!1e1!3m6!1sAF1QipOMF7nbMVfBQGIoSw-3WVViQidxs9WMx03S7-c2!2e10!3e11!6shttps:%2F%2Flh5.googleusercontent.com%2Fp%2FAF1QipOMF7nbMVfBQGIoSw-3WVViQidxs9WMx03S7-c2%3Dw203-h100-k-no-pi-0-ya180.04263-ro-0-fo100!7i6720!8i3360?entry=ttu"
https://www.moma.org/collection/works/83648,"51.41666135969157, -116.21692139074365","https://www.google.com/maps/@51.164975,-115.5613783,3a,75y,55.75h,90t/data=!3m8!1e1!3m6!1sAF1QipOMF7nbMVfBQGIoSw-3WVViQidxs9WMx03S7-c2!2e10!3e11!6shttps:%2F%2Flh5.googleusercontent.com%2Fp%2FAF1QipOMF7nbMVfBQGIoSw-3WVViQidxs9WMx03S7-c2%3Dw203-h100-k-no-pi-0-ya180.04263-ro-0-fo100!7i6720!8i3360?entry=ttu"
https://www.moma.org/collection/works/83649,"49.342937887878676, -123.11487302333927","https://www.google.com/maps/@49.3427841,-123.114401,3a,75y,294.95h,84.68t/data=!3m6!1e1!3m4!1sAF1QipNCZg9bE1wf3yfes_SfBdm7hChgfL1QzeJz_3gQ!2e10!7i5376!8i2688?entry=ttu"
https://www.moma.org/collection/works/83650,"40.83139124201942, -73.93793787712224","https://www.google.com/maps/@40.8322908,-73.9386395,127a,35y,121.03h,45t/data=!3m1!1e3?entry=ttu"